name_he,code,name_en
אבו ג'ווייעד (שבט),967,Abu Juway'ad
אבו גוש,472,Abu Ghosh
אבו סנאן,473,Abu Sinan
אבו סריחאן (שבט),935,Abu Surayhan
אבו עבדון (שבט),958,Abu 'Abdun
אבו עמאר (שבט),1042,Abu 'Ammar
אבו עמרה (שבט),932,Abu 'Amra
אבו קורינאת (יישוב),1342,Abu Qureinat
אבו קורינאת (שבט),968,Abu Kuraynat
אבו רובייעה (שבט),966,Abu Rubay'a
אבו רוקייק (שבט),961,Abu Rukayyek
אבו תלול,1375,Abu Tulul
אבטין,652,Ibtin
אבטליון,1275,Avtalyon
אביאל,679,Avi'el
אביבים,1115,Avivim
אביגדור,819,Avigedor
אביחיל,175,Avihayil
אביטל,2052,Avital
אביעזר,1070,Avi'ezer
אבירים,1220,Abbirim
אבן יהודה,182,Even Yehuda
אבן מנחם,1081,Even Menahem
אבן ספיר,783,Even Sappir
אבן שמואל,400,Even Shemu'el
אבני איתן,4011,Avne Etan
אבני חפץ,3793,Avne Hefez
אבנת,3786,Avenat
אבשלום,1311,Avshalom
אדורה,3759,Adora
אדירים,113,Addirim
אדמית,1068,Adamit
אדרת,1123,Adderet
אודים,446,Udim
אודם,4010,Odem
אוהד,1046,Ohad
אום אל-פחם,2710,Umm al-Fahm
אום אל-קוטוף,2024,Umm Al-Qutuf
אום בטין,1358,Umm Batin
אומן,1108,Omen
אומץ,680,Omez
אופקים,31,Ofaqim
אור הגנוז,1294,Or HaGanuz
אור הנר,67,Or HaNer
אור יהודה,2400,Or Yehuda
אור עקיבא,1020,Or Aqiva
אורה,780,Ora
אורון,1771,
אורות,2012,Orot
אורטל,4013,Ortal
אורים,403,Urim
אורנים,882,Oranim
אורנית,3760,Oranit
אושה,278,Usha
אזור,565,Azor
"אזור אילון מ""א 4",1852,
"אזור אילון מ""א 52",1851,
"אזור אילון של""ש",1853,
"אזור אשדוד מ""א 29",1922,
"אזור אשדוד מ""א 33",1921,
"אזור אשדוד של""ש",1923,
"אזור אשקלון מ""א 36",1924,
"אזור אשקלון מ""א 37",1926,
"אזור באר שבע מ""א 41",1937,
"אזור באר שבע מ""א 51",1938,
"אזור באר שבע של""ש",1939,
"אזור בשור מ""א 38",1933,
"אזור בשור מ""א 39",1935,
"אזור בשור מ""א 42",1934,
"אזור גלילות מ""א 19",1907,
"אזור גרר מ""א 39",1931,
"אזור גרר מ""א 41",1929,
"אזור גרר מ""א 42",1930,
"אזור זכרון יעקב מ""א 15",1866,
"אזור זכרון יעקב של""ש",1867,
"אזור חדרה מ""א 14",1873,
"אזור חדרה מ""א 15",1872,
"אזור חדרה מ""א 45",1871,
"אזור חדרה של""ש",1874,
"אזור חולון של""ש",1909,
"אזור חיפה מ""א 12",1860,
"אזור חיפה של""ש",1862,
"אזור חצור מ""א 1",1813,
"אזור חצור מ""א 55",1814,
"אזור חצור של""ש",1815,
"אזור יחיעם מ""א 2",1848,
"אזור יחיעם מ""א 4",1846,
"אזור יחיעם מ""א 52",1847,
"אזור יחיעם מ""א 56",1849,
"אזור יחיעם של""ש",1850,
"אזור ים המלח מ""א 51",1942,
"אזור יקנעם מ""א 13",1836,
"אזור יקנעם מ""א 9",1835,
"אזור כינרות מ""א 3",1805,
"אזור כנרות מ""א 1",1816,
"אזור כנרות מ""א 6",1817,
"אזור כנרות של""ש",1818,
"אזור כרמיאל מ""א 2",1843,
"אזור כרמיאל מ""א 56",1844,
"אזור כרמיאל של""ש",1845,
"אזור לכיש מ""א 34",1919,
"אזור לכיש מ""א 35",1917,
"אזור לכיש מ""א 41",1920,
"אזור לכיש מ""א 50",1918,
"אזור מודיעין מ""א 25",1887,
"אזור מודיעין מ""א 30",1890,
"אזור מודיעין של""ש",1895,
"אזור מלאכי מ""א 33",1911,
"אזור מלאכי מ""א 34",1915,
"אזור מלאכי מ""א 35",1913,
"אזור מלאכי מ""א 50",1914,
"אזור נהרייה מ""א 4",1855,
"אזור נהרייה של""ש",1856,
"אזור עכו מ""א 4",1858,
"אזור עכו מ""א 56",1857,
"אזור עכו של""ש",1859,
"אזור פתח תקווה מ""א 20",1888,
"אזור פתח תקווה מ""א 25",1886,
"אזור פתח תקווה של""ש",1889,
"אזור ראשל""צ מ""א 27",1903,
"אזור ראשל""צ של""ש",1904,
"אזור רחובות מ""א 28",1896,
"אזור רחובות מ""א 29",1899,
"אזור רחובות מ""א 30",1898,
"אזור רחובות מ""א 31",1901,
"אזור רחובות מ""א 32",1897,
"אזור רחובות של""ש",1902,
"אזור רמלה מ""א 25",1892,
"אזור רמלה מ""א 30",1891,
"אזור רמלה מ""א 40",1893,
"אזור רמלה של""ש",1894,
"אזור רמת גן של""ש",1908,
"אזור שפרעם מ""א 56",1841,
"אזור שפרעם מ""א 9",1840,
"אזור שפרעם של""ש",1842,
"אזור תל אביב של""ש",1905,
אזור תעסוקה משגב(תרדיון),1724,
"אזור תעשיה אכסאל מ""א 9",1865,
אזור תעשייה אכזיב (מילואות),1726,
אזור תעשייה נעמן (מילואות),1727,
אחווה,1157,Ahawa
אחוזם,821,Ahuzzam
אחוזת ברק,1330,Ahuzzat Baraq
אחיהוד,785,Ahihud
אחיטוב,850,Ahituv
אחיסמך,804,Ahisamakh
אחיעזר,797,Ahi'ezer
אטרש (שבט),965,Atrash
איבים,338,Ibbim
אייל,716,Eyal
איילת השחר,77,Ayyelet HaShahar
אילון,294,Elon
אילון תבור*,1716,
אילות,1126,Elot
אילנייה,49,Ilaniyya
אילת,2600,Elat
אירוס,1336,Irus
איתמר,3762,Itamar
איתן,37,Etan
איתנים,886,Etanim
אכסאל,478,Iksal
אל -עזי,1339,Al-Azy
אל -עריאן,1316,Al-Aryan
אל -רום,4003,El-Rom
אל סייד,1359,Al Sayyid
אלומה,1145,Alumma
אלומות,330,Alummot
אלון הגליל,1182,Allon HaGalil
אלון מורה,3579,Elon More
אלון שבות,3604,Allon Shevut
אלוני אבא,429,Allone Abba
אלוני הבשן,4017,Allone HaBashan
אלוני יצחק,868,Allone Yizhaq
אלונים,285,Allonim
אלי-עד,4002,Eli-Ad
אליאב,1365,Eliav
אליכין,41,Elyakhin
אליפז,1248,Elifaz
אליפלט,730,Elifelet
אליקים,682,Elyaqim
אלישיב,204,Elyashiv
אלישמע,841,Elishama
אלמגור,1125,Almagor
אלמוג,3556,Almog
אלעד,1309,El'ad
אלעזר,3618,El'azar
אלפי מנשה,3750,Alfe Menashe
אלקוש,603,Elqosh
אלקנה,3560,Elqana
אמונים,772,Emunim
אמירים,1064,Amirim
אמנון,1253,Amnun
אמציה,23,Amazya
אניעם,4012,Ani'am
אסד (שבט),960,Asad
אספר,3754,Asfar
אעבלין,529,I'billin
אעצם (שבט),963,A'sam
אפיניש (שבט),959,Afaynish
אפיק,4301,Afiq
אפיקים,176,Afiqim
אפק,313,Afeq
אפרת,3650,Efrat
ארבל,701,Arbel
ארגמן,3598,Argaman
ארז,714,Erez
אריאל,3570,Ari'el
ארסוף,1324,Arsuf
אשבול,71,Eshbol
אשבל,1276,Eshbal
אשדוד,70,Ashdod
אשדות יעקב (איחוד),199,Ashdot Ya'aqov(Ihud)
אשדות יעקב (מאוחד),188,Ashdot Ya'aqov(Me'uhad)
אשחר,1188,Eshhar
אשכולות,3722,Eshkolot
אשל הנשיא,2021,Eshel HaNasi
אשלים,1152,Ashalim
אשקלון,7100,Ashqelon
אשרת,1256,Asherat
אשתאול,740,Eshta'ol
באקה אל-גרביה,6000,Baqa Al-Gharbiyye
באר אורה,21,Be'er Ora
באר גנים,1376,Be'er Gannim
באר טוביה,155,Be'er Toviyya
באר יעקב,2530,Be'er Ya'aqov
באר מילכה,1278,Be'er Milka
באר שבע,9000,Be'er Sheva
בארות יצחק,450,Be'erot Yizhaq
בארותיים,697,Be'erotayim
בארי,399,Be'eri
בוסתן הגליל,559,Bustan HaGalil
בועיינה-נוג'ידאת,482,Bu'eine-Nujeidat
בוקעאתא,4001,Buq'ata
בורגתה,698,Burgeta
בחן,2043,Bahan
בטחה,762,Bitha
"בי""ס אזורי מקיף (אשר)",1725,
ביצרון,234,Bizzaron
ביר אל-מכסור,998,Bir El-Maksur
ביר הדאג',1348,Bir Hadage
בירייה,368,Biriyya
בית אורן,317,Bet Oren
בית אל,3574,Bet El
בית אלעזרי,562,Bet El'azari
בית אלפא,95,Bet Alfa
בית אריה,3652,Bet Arye
בית ברל,1076,Bet Berl
בית ג'ן,480,Beit Jann
בית גוברין,619,Bet Guvrin
בית גמליאל,571,Bet Gamli'el
בית דגן,466,Bet Dagan
בית הגדי,723,Bet HaGaddi
בית הלוי,373,Bet HaLewi
בית הלל,322,Bet Hillel
בית העמק,572,Bet HaEmeq
בית הערבה,3645,Bet HaArava
בית השיטה,242,Bet HaShitta
בית זיד,353,Bet Zeid
בית זית,710,Bet Zayit
בית זרע,143,Bet Zera
בית חולים פוריה,1712,
בית חורון,3575,Bet Horon
בית חירות,877,Bet Herut
בית חלקיה,2033,Bet Hilqiyya
בית חנן,159,Bet Hanan
בית חנניה,800,Bet Hananya
בית חשמונאי,1050,Bet Hashmonay
בית יהושע,288,Bet Yehoshua
בית יוסף,265,Bet Yosef
בית ינאי,200,Bet Yannay
בית יצחק-שער חפר,326,Bet Yizhaq-Sh. Hefer
בית לחם הגלילית,430,Bet Lehem HaGelilit
בית מאיר,751,Bet Me'ir
בית נחמיה,784,Bet Nehemya
בית ניר,16,Bet Nir
בית נקופה,672,Bet Neqofa
בית עובד,202,Bet Oved
בית עוזיאל,301,Bet Uzzi'el
בית עזרא,756,Bet Ezra
בית עריף,604,Bet Arif
בית צבי,212,Bet Zevi
בית קמה,598,Bet Qama
בית קשת,365,Bet Qeshet
בית רבן,848,Bet Rabban
בית רימון,1162,Bet Rimmon
בית שאן,9200,Bet She'an
בית שמש,2610,Bet Shemesh
בית שערים,248,Bet She'arim
בית שקמה,747,Bet Shiqma
ביתן אהרן,252,Bitan Aharon
ביתר עילית,3780,Betar Illit
בלפוריה,94,Balfurya
בן זכאי,760,Ben Zakkay
בן עמי,712,Ben Ammi
בן שמן (כפר נוער),1084,Ben Shemen(K.No'ar)
בן שמן (מושב),2013,Ben Shemen (Moshav)
בני ברק,6100,Bene Beraq
בני דקלים,1368,Bne Dkalim
בני דרום,592,Bene Darom
בני דרור,386,Bene Deror
בני יהודה,4015,Bene Yehuda
בני נצרים,1363,Bne Netsarim
בני עטרות,448,Bene Atarot
"בני עי""ש",1066,Bene Ayish
בני ציון,418,Bene Ziyyon
בני ראם,588,Bene Re'em
בניה,685,Benaya
בנימינה-גבעת עדה*,9800,Binyamina-Giv'at Ada
"בסמ""ה",1326,Basma
בסמת טבעון,944,Basmat Tab'un
בענה,483,Bi'ne
בצרה,389,Bazra
בצת,589,Bezet
בקוע,864,Beqoa
בקעות,3612,Beqa'ot
"בקעת נטופה מ""א 56",1854,
"בקעת תירען מ""א 3",1884,
בר-לב,1728,
בר גיורא,823,Bar Giyyora
בר יוחאי,1191,Bar Yohay
ברוכין,3744,Brukhin
ברור חיל,428,Beror Hayil
ברוש,2060,Berosh
ברכה,3710,Berakha
ברכיה,746,Berekhya
ברעם,667,Bar'am
ברק,141,Baraq
ברקאי,617,Barqay
ברקן,3654,Barqan
ברקת,2038,Bareqet
בת הדר,1323,Bat Hadar
בת חן,1361,Bat Hen
בת חפר,1319,Bat Hefer
בת ים,6200,Bat Yam
בת עין,3794,Bat Ayin
בת שלמה,33,Bat Shelomo
בתי זיקוק - קישון,1736,
ג'דיידה-מכר,1292,Judeide-Maker
ג'ולס,485,Julis
ג'לג'וליה,627,Jaljulye
ג'נאביב (שבט),976,Janabib
ג'סר א-זרקא,541,Jisr Az-Zarqa
ג'ש (גוש חלב),487,Jish(Gush Halav)
ג'ת,628,Jatt
גאולי תימן,872,Ge'ule Teman
גאולים,379,Ge'ulim
"גאון הירדן מ""א 3",1963,
גאליה,853,Ge'alya
גבולות,352,Gevulot
גבים,424,Gevim
גבע,86,Geva
גבע בנימין,3763,Geva Binyamin
גבע כרמל,683,Geva Karmel
גבעולים,2014,Giv'olim
גבעון החדשה,3644,Giv'on HaHadasha
גבעות בר,1344,Geva'ot Bar
גבעת אבני,1293,Giv'at Avni
גבעת אלה,1288,Giv'at Ela
גבעת ברנר,147,Giv'at Brenner
גבעת השלושה,870,Giv'at HaShelosha
גבעת זאב,3730,Giv'at Ze'ev
"גבעת ח""ן",207,Giv'at Hen
גבעת חביבה,1740,
גבעת חיים (איחוד),2018,Giv'at Hayyim (Ihud)
גבעת חיים (מאוחד),173,Giv'at Hayyim(Me'uhad)
גבעת יואב,4021,Giv'at Yo'av
גבעת יערים,787,Giv'at Ye'arim
גבעת ישעיהו,919,Giv'at Yesha'yahu
"גבעת כ""ח",802,Giv'at Koah
"גבעת ניל""י",360,Giv'at Nili
גבעת עוז,703,Giv'at Oz
גבעת שמואל,681,Giv'at Shemu'el
גבעת שמש,566,Giv'at Shemesh
גבעת שפירא,1077,Giv'at Shappira
גבעתי,793,Giv'ati
גבעתיים,6300,Giv'atayim
גברעם,342,Gevar'am
גבת,133,Gevat
גדות,35,Gadot
גדיש,145,Gadish
גדעונה,442,Gid'ona
גדרה,2550,Gedera
"גולן דרומי מ""א 71",1966,
"גולן צפוני מ""א 71",1962,
"גולן תיכון מ""א 71",1964,
גונן,852,Gonen
גורן,755,Goren
גורנות הגליל,1219,Gornot HaGalil
גזית,457,Gazit
גזר,370,Gezer
גיאה,706,Ge'a
גיבתון,196,Gibbeton
גיזו,1043,Gizo
גילון,1204,Gilon
גילת,736,Gilat
גינוסר,262,Ginnosar
גיניגר,92,Ginnegar
גינתון,863,Ginnaton
גיתה,1206,Gitta
גיתית,3613,Gittit
גלאון,393,Gal'on
גלגל,3606,Gilgal
גליל ים,346,Gelil Yam
"גליל עליון מז מ""א 1",1809,
"גליל עליון מז מ""א 2",1811,
"גליל עליון מז מ""א 55",1810,
"גליל עליון מז של""ש",1812,
"גליל תחתון מז מ""א 2",1820,
"גליל תחתון מז מ""א 3",1819,
"גליל תחתון מז מ""א 6",1821,
"גליל תחתון מז של""ש",1822,
גלעד (אבן יצחק),369,Gal'ed (Even Yizhaq)
"גמ""ל מחוז דרום",1997,
גמזו,745,Gimzo
גן הדרום,1072,Gan HaDarom
גן השומרון,225,Gan HaShomeron
גן חיים,239,Gan Hayyim
גן יאשיה,734,Gan Yoshiyya
גן יבנה,166,Gan Yavne
גן נר,1274,Gan Ner
גן שורק,311,Gan Soreq
גן שלמה,144,Gan Shelomo
גן שמואל,72,Gan Shemu'el
גנות,836,Gannot
גנות הדר,549,Gannot Hadar
גני הדר,1103,Ganne Hadar
גני טל,1371,Ganne Tal
גני יוחנן,862,Ganne Yohanan
גני מודיעין,3823,Ganne Modi'in
גני עם,218,Ganne Am
גני תקווה,229,Ganne Tiqwa
געש,842,Ga'ash
געתון,463,Ga'ton
גפן,39,Gefen
גרופית,1129,Gerofit
גשור,4022,Geshur
גשר,305,Gesher
גשר הזיו,574,Gesher HaZiw
גת (קיבוץ),340,Gat(Qibbuz)
גת רימון,128,Gat Rimmon
דאלית אל-כרמל,494,Daliyat Al-Karmel
דבורה,146,Devora
דבורייה,489,Daburiyya
דבירה,849,Devira
דברת,407,Daverat
דגניה א',62,Deganya Alef
דגניה ב',79,Deganya Bet
"דוב""ב",1067,Dovev
דולב,3747,Dolev
דור,738,Dor
דורות,336,Dorot
דחי,475,Dahi
דייר אל-אסד,490,Deir Al-Asad
דייר חנא,492,Deir Hanna
דייר ראפאת,493,Deir Rafat
דימונה,2200,Dimona
דישון,2063,Dishon
דלייה,300,Daliyya
דלתון,431,Dalton
דלתון,1709,
דמיידה,1317,Demeide
דן,303,Dan
דפנה,302,Dafna
דקל,1241,Deqel
"דרום השרון מ""א 18",1881,
"דרום השרון מ""א 20",1882,
"דרום השרון של""ש",1885,
דרום יהודה,1998,
דריג'את,1349,Derig'at
האון,702,HaOn
הבונים,675,HaBonim
הגושרים,356,HaGosherim
הדר עם,191,Hadar Am
הוד השרון,9700,Hod HaSharon
הודיות,1322,Hodayot
הודייה,726,Hodiyya
הוואשלה (שבט),1169,Al-Hawashila
הוזייל (שבט),956,Al-Huzayyil
הושעיה,1186,Hosha'aya
הזורע,250,HaZorea
הזורעים,307,HaZore'im
החותרים,434,HaHoterim
היוגב,684,HaYogev
הילה,1208,Hilla
המעפיל,377,HaMa'pil
המרכז למחקר-נחל שורק,1751,
הסוללים,677,HaSolelim
העוגן,423,HaOgen
"הערבה מ""א 51",1944,
"הערבה מ""א 53",1945,
"הערבה מ""א 54",1946,
הר אדר,3769,Har Adar
"הר אלכסנדר מ""א 14",1869,
"הר אלכסנדר מ""א 45",1868,
"הר אלכסנדר של""ש",1870,
הר גילה,3603,Har Gillo
"הר הנגב הדרומי מ""א 48",1953,
"הר הנגב הדרומי מ""א 53",1951,
"הר הנגב הדרומי מ""א 54",1952,
"הר הנגב הצפוני מ""א 48",1948,
"הר הנגב הצפוני מ""א 51",1949,
"הר הנגב הצפוני מ""א 53",1947,
"הר הנגב הצפוני מ""א 54",1950,
הר עמשא,1261,Har Amasa
הראל,464,Har'el
הרדוף,1249,Harduf
"הרי יהודה מ""א 26",1801,
"הרי יהודה של""ש",1802,
הרי נצרת-תירען,1823,
"הרי נצרת-תירען מ""א 9",1839,
הרצלייה,6400,Herzliyya
הררית,1203,Hararit
השומרון,1999,
ורד יריחו,3639,Wered Yeriho
ורדון,1133,Wardon
זבארגה (שבט),2742,Az-Zabarika
זבדיאל,815,Zavdi'el
זוהר,44,Zohar
זיקים,584,Ziqim
זיתן,788,Zetan
זכרון יעקב,9300,Zikhron Ya'aqov
זכריה,799,Zekharya
זמר,1290,Zemer
זמרת,1065,Zimrat
זנוח,816,Zanoah
זרועה,2064,Zeru'a
זרזיר,975,Zarzir
זרחיה,818,Zerahya
ח'ואלד,1321,Khawaled
ח'ואלד (שבט),986,Khawalid / Al-Khawalid
חבצלת השרון,235,Havazzelet HaSharon
חבר,1110,Hever
חגור,717,Hagor
חגי,3764,Haggay
חגלה,205,Hogla
חד-נס,4026,Had-Nes
חדיד,618,Hadid
חדרה,6500,Hadera
חוג'ייראת (ד'הרה) (שבט),948,Al-Hujayrat (Zahra)
חולדה,160,Hulda
חולון,6600,Holon
חולית,1239,Holit
חולתה,253,Hulata
חוסן,662,Hosen
חוסנייה,1332,Hussniyya
"חוף הכרמל מ""א 15",1864,
חופית,115,Hofit
חוקוק,374,Huqoq
חורה,1303,Hura
חורפיש,496,Hurfeish
חורשים,355,Horeshim
חזון,1047,Hazon
חיבת ציון,219,Hibbat Ziyyon
חיננית,3643,Hinnanit
חיפה,4000,Haifa
חירות,162,Herut
חלוץ,1272,Haluz
חלץ,820,Helez
חמאם,993,Hamam
חמד,801,Hemed
חמדיה,343,Hamadya
חמדת,3646,Hemdat
חמרה,3609,Hamra
חניאל,807,Hanni'el
חניתה,280,Hanita
חנתון,1257,Hannaton
חספין,4005,Haspin
חפץ חיים,363,Hafez Hayyim
חפצי-בה,90,Hefzi-Bah
חצב,700,Hazav
חצבה,13,Hazeva
חצור-אשדוד,406,Hazor-Ashdod
חצור הגלילית,2034,Hazor HaGelilit
חצרים,397,Hazerim
חרב לאת,422,Herev Le'Et
חרוצים,1024,Haruzim
חריש,1247,Harish
"חרמון מ""א 71",1960,
חרמש,3717,Hermesh
חרשים,1209,Harashim
חשמונאים,3770,Hashmona'im
טבריה,6700,Tiberias
טובא-זנגרייה,962,Tuba-Zangariyye
טורעאן,498,Tur'an
טייבה,2730,Tayibe
טייבה (בעמק),497,Tayibe(Baemeq)
טירה,2720,Tire
טירת יהודה,663,Tirat Yehuda
טירת כרמל,2100,Tirat Karmel
טירת צבי,268,Tirat Zevi
טל-אל,1181,Tal-El
טל שחר,462,Tal Shahar
טללים,1177,Telalim
טלמון,3788,Talmon
טמרה,8900,Tamra
טמרה (יזרעאל),547,Tamra (Yizre'el)
טנא,3743,Tene
טפחות,1214,Tefahot
יאנוח-ג'ת,1295,Yanuh-Jat
יבול,1232,Yevul
יבנאל,46,Yavne'el
יבנה,2660,Yavne
יגור,96,Yagur
יגל,798,Yagel
יד בנימין,577,Yad Binyamin
יד השמונה,1134,Yad HaShemona
יד חנה,758,Yad Hanna
יד מרדכי,358,Yad Mordekhay
יד נתן,775,Yad Natan
"יד רמב""ם",64,Yad Rambam
ידידה,1144,Yedida
יהוד,9400,Yehud
יהל,1158,Yahel
יובל,2009,Yuval
יובלים,1226,Yuvallim
יודפת,1112,Yodefat
יונתן,4007,Yonatan
יושיביה,803,Yoshivya
יזרעאל,452,Yizre'el
יחיעם,409,Yehi'am
יטבתה,866,Yotvata
"ייט""ב",3607,Yitav
יכיני,811,Yakhini
ים המלח - בתי מלון,1772,
ינוב,753,Yanuv
ינון,2011,Yinnon
יסוד המעלה,29,Yesud HaMa'ala
יסודות,440,Yesodot
יסעור,575,Yas'ur
יעד,1138,Ya'ad
יעל,1117,Ya'el
יעף,1044,Ye'af
יערה,795,Ya'ara
"יערות גבעת המורה מ""א 9",1863,
יפיע,499,Yafi
יפית,3566,Yafit
יפעת,134,Yif'at
יפתח,453,Yiftah
יצהר,3749,Yizhar
יציץ,759,Yaziz
יקום,417,Yaqum
יקיר,3647,Yaqir
יקנעם (מושבה),241,Yoqne'am(Moshava)
יקנעם עילית,240,Yoqne'am Illit
יראון,623,Yir'on
ירדנה,2026,Yardena
ירוחם,831,Yeroham
ירושלים,3000,Jerusalem
ירחיב,718,Yarhiv
ירכא,502,Yirka
ירקונה,183,Yarqona
ישע,916,Yesha
ישעי,805,Yish'i
ישרש,828,Yashresh
יתד,1227,Yated
כאבול,504,Kabul
כאוכב אבו אל-היג'א,505,Kaokab Abu Al-Hija
כברי,576,Kabri
כדורי,371,Kadoorie
כדיתה,1338,Kaddita
כוכב השחר,3564,Kokhav HaShahar
כוכב יאיר,1224,Kokhav Ya'ir
כוכב יעקב,3779,Kokhav Ya'aqov
כוכב מיכאל,824,Kokhav Mikha'el
כורזים,1252,Korazim
כחל,1210,Kahal
כחלה,1367,Kochlea
כיסופים,840,Kissufim
כישור,1153,Kishor
כליל,1183,Kelil
כלנית,1229,Kallanit
כמאנה,1331,Kamane
כמהין,1291,Kemehin
כמון,1201,Kammon
כנות,2006,Kannot
כנף,4028,Kanaf
כנרת (מושבה),63,Kinneret(Moshava)
כנרת (קבוצה),57,Kinneret(Qevuza)
כסיפה,1059,Kuseife
כסלון,859,Kesalon
כסרא-סמיע,1296,Kisra-Sumei
כעביה-טבאש-חג'אג'רה,978,Ka'abiyye-Tabbash-Hajajre
כפר אביב,857,Kefar Aviv
כפר אדומים,3638,Kefar Adummim
כפר אוריה,364,Kefar Uriyya
כפר אחים,690,Kefar Ahim
כפר ביאליק,220,Kefar Bialik
"כפר ביל""ו",177,Kefar Bilu
כפר בלום,357,Kefar Blum
כפר בן נון,2010,Kefar Bin Nun
כפר ברא,633,Kafar Bara
כפר ברוך,132,Kefar Barukh
כפר גדעון,106,Kefar Gid'on
כפר גלים,427,Kefar Gallim
כפר גליקסון,310,Kefar Glikson
כפר גלעדי,76,Kefar Gil'adi
כפר דניאל,707,Kefar Daniyyel
כפר האורנים,3796,Kefar HaOranim
כפר החורש,192,Kefar HaHoresh
כפר המכבי,254,Kefar HaMakkabbi
כפר הנגיד,582,Kefar HaNagid
כפר הנוער הדתי,890,Kefar HaNo'ar Hadati
כפר הנשיא,443,Kefar HaNasi
כפר הס,187,Kefar Hess
"כפר הרא""ה",217,Kefar HaRo'e
"כפר הרי""ף",888,Kefar Harif
כפר ויתקין,190,Kefar Vitkin
כפר ורבורג,320,Kefar Warburg
כפר ורדים,1263,Kefar Weradim
כפר זוהרים,1325,Kefar Zoharim
כפר זיתים,786,Kefar Zetim
"כפר חב""ד",696,Kefar Habad
כפר חושן,609,Kefar Hoshen
כפר חיטים,255,Kefar Hittim
כפר חיים,193,Kefar Hayyim
כפר חנניה,1297,Kefar Hananya
כפר חסידים א',112,Kefar Hasidim Alef
כפר חסידים ב',889,Kefar Hasidim Bet
כפר חרוב,4004,Kefar Haruv
כפר טרומן,673,Kefar Truman
כפר יאסיף,507,Kafar Yasif
כפר ידידיה,233,Kefar Yedidya
כפר יהושע,140,Kefar Yehoshua
כפר יונה,168,Kefar Yona
כפר יחזקאל,85,Kefar Yehezqel
כפר יעבץ,170,Kefar Ya'bez
כפר כמא,508,Kafar Kama
כפר כנא,509,Kafar Kanna
כפר מונש,387,Kefar Monash
כפר מימון,1095,Kefar Maymon
"כפר מל""ל",98,Kefar Malal
כפר מנדא,510,Kafar Manda
כפר מנחם,274,Kefar Menahem
כפר מסריק,297,Kefar Masaryk
כפר מצר,512,Kafar Misr
כפר מרדכי,764,Kefar Mordekhay
כפר נטר,316,Kefar Netter
כפר סאלד,345,Kefar Szold
כפר סבא,6900,Kefar Sava
כפר סילבר,107,Kefar Silver
כפר סירקין,249,Kefar Sirkin
כפר עבודה,875,Kefar Avoda
כפר עזה,845,Kefar Azza
כפר עציון,3488,Kefar Ezyon
כפר פינס,189,Kefar Pines
כפר קאסם,634,Kafar Qasem
כפר קיש,388,Kefar Kisch
כפר קרע,654,Kafar Qara
כפר ראש הנקרה,579,Kefar Rosh HaNiqra
כפר רוזנואלד (זרעית),1130,Kefar Rozenwald(Zarit)
כפר רופין,295,Kefar Ruppin
כפר רות,1166,Kefar Rut
כפר שמאי,605,Kefar Shammay
כפר שמואל,743,Kefar Shemu'el
כפר שמריהו,267,Kefar Shemaryahu
כפר תבור,47,Kefar Tavor
כפר תפוח,3572,Kefar Tappuah
כרכום,1285,Karkom
כרם בן זמרה,664,Kerem Ben Zimra
כרם בן שמן,88,Kerem Ben Shemen
כרם יבנה (ישיבה),1094,Kerem Yavne(Yeshiva)
"כרם מהר""ל",580,Kerem Maharal
כרם שלום,1085,Kerem Shalom
כרמי יוסף,1264,Karme Yosef
כרמי צור,3766,Karme Zur
כרמי קטיף,1374,Karme Katif
כרמיאל,1139,Karmi'el
כרמייה,768,Karmiyya
כרמים,1198,Keramim
כרמל,3656,Karmel
לבון,1207,Lavon
לביא,585,Lavi
לבנים,1230,Livnim
להב,2023,Lahav
להבות הבשן,380,Lahavot HaBashan
להבות חביבה,715,Lahavot Haviva
להבים,1271,Lehavim
לוד,7000,Lod
לוזית,52,Luzit
לוחמי הגיטאות,595,Lohame HaGeta'ot
לוטם,1171,Lotem
לוטן,1255,Lotan
לימן,674,Liman
לכיש,24,Lakhish
לפיד,1310,Lappid
לפידות,1173,Lappidot
לקיה,1060,Laqye
מאור,2055,Ma'or
מאיר שפיה,102,Me'ir Shefeya
מבוא ביתר,771,Mevo Betar
מבוא דותן,3569,Mevo Dotan
מבוא חורון,3709,Mevo Horon
מבוא חמה,4204,Mevo Hamma
מבוא מודיעים,1141,Mevo Modi'im
מבואות ים,1318,Mevo'ot Yam
מבועים,1080,Mabbu'im
מבטחים,829,Mivtahim
מבקיעים,573,Mavqi'im
מבשרת ציון,1015,Mevasseret Ziyyon
מג'ד אל-כרום,516,Majd al-Kurum
מג'דל שמס,4201,Majdal Shams
מגאר,481,Mughar
מגדים,689,Megadim
מגדל,65,Migdal
מגדל העמק,874,Migdal HaEmeq
מגדל עוז,3561,Migdal Oz
מגדל תפן,1722,
מגדלים,3751,Migdalim
מגידו,586,Megiddo
מגל,375,Maggal
מגן,695,Magen
מגן שאול,1155,Magen Sha'ul
מגשימים,722,Magshimim
מדרך עוז,2029,Midrakh Oz
מדרשת בן גוריון,1140,Midreshet Ben Gurion
מדרשת רופין,897,Midreshet Ruppin
מודיעין-מכבים-רעות*,1200,Modi'in-Makkabbim-Re'ut
מודיעין עילית,3797,Modi'in Illit
מולדת,269,Moledet
מוצא עילית,208,Moza Illit
מוקייבלה,635,Muqeible
מורן,1163,Moran
מורשת,1178,Moreshet
מזור,606,Mazor
מזכרת בתיה,28,Mazkeret Batya
"מזרח השרון מ""א 16",1879,
"מזרח השרון מ""א 18",1880,
מזרע,104,Mizra
מזרעה,517,Mazra'a
מחולה,3599,Mehola
מחנה הילה*,1411,Mahane Hilla
מחנה טלי*,1418,Mahane Tali
מחנה יהודית*,1413,Mahane Yehudit
מחנה יוכבד*,1416,Mahane Yokheved
מחנה יפה*,1415,Mahane Yafa
מחנה יתיר,1196,Mahane Yattir
מחנה מרים*,1414,Mahane Miryam
מחנה תל נוף*,1412,Mahane Tel Nof
מחניים,308,Mahanayim
מחסיה,776,Mahseya
מטולה,43,Metula
מטע,822,Matta
מי עמי,1128,Me Ammi
מיטב,2054,Metav
מייסר,649,Meiser
מיצר,4019,Mezar
מירב,1282,Merav
מירון,607,Meron
מישר,731,Meshar
מיתר,1268,Metar
מכורה,3614,Mekhora
מכחול,1343,Makchul
מכמורת,382,Mikhmoret
מכמנים,1202,Mikhmannim
מלאה,164,Mele'a
מלילות,2044,Melilot
מלכייה,596,Malkiyya
מלכישוע,1154,Malkishua
מנוחה,2030,Menuha
מנוף,1174,Manof
מנות,1205,Manot
מנחמיה,48,Menahemya
מנרה,347,Menara
מנשית זבדה,994,Manshiyyet Zabda
מסד,1258,Massad
מסדה,263,Massada
מסילות,298,Mesillot
מסילת ציון,742,Mesillat Ziyyon
מסלול,748,Maslul
מסעדה,4203,Mas'ade
מסעודין אל-עזאזמה (שבט),939,Mas'udin al 'Azazma
מעברות,197,Ma'barot
מעגלים,1082,Ma'galim
מעגן,678,Ma'agan
מעגן מיכאל,694,Ma'agan Mikha'el
מעוז חיים,272,Ma'oz Hayyim
מעון,3657,Ma'on
מעונה,570,Me'ona
מעיין ברוך,416,Ma'yan Barukh
מעיין צבי,290,Ma'yan Zevi
מעיליא,518,Mi'elya
מעלה אדומים,3616,Ma'ale Adummim
מעלה אפרים,3608,Ma'ale Efrayim
מעלה גלבוע,1127,Ma'ale Gilboa
מעלה גמלא,4008,Ma'ale Gamla
מעלה החמישה,286,Ma'ale HaHamisha
מעלה לבונה,3752,Ma'ale Levona
מעלה מכמש,3651,Ma'ale Mikhmas
מעלה עירון,1327,Ma'ale Iron
מעלה עמוס,3653,Ma'ale Amos
מעלה שומרון,3637,Ma'ale Shomeron
מעלות-תרשיחא,1063,Ma'alot-Tarshiha
מענית,344,Ma'anit
"מערב השרון מ""א 16",1876,
"מערב השרון מ""א 18",1877,
"מערב השרון מ""א 19",1878,
מעש,230,Ma'as
מפלסים,668,Mefallesim
"מפעלי אבשלו""ם",1767,
מפעלי ברקן,1791,
מפעלי גליל עליון,1706,
מפעלי גרנות,1739,
מפעלי העמק (יזרעאל),1717,
מפעלי חבל מודיעים,1729,
מפעלי חפר,1745,
מפעלי ים המלח(סדום),1775,
מפעלי כנות,1753,
מפעלי מישור רותם,1773,
מפעלי מעון,1769,
מפעלי נחם הרטוב,1701,
מפעלי צומת מלאכי,1761,
מפעלי צין - ערבה,1776,
מפעלי צמח,1711,
מפעלי שאן,1719,
מצדות יהודה,3745,Mezadot Yehuda
מצובה,325,Mazzuva
מצליח,757,Mazliah
מצפה,58,Mizpa
"מצפה אבי""ב",1222,Mizpe Aviv
מצפה אילן,1370,Mitspe Ilan
מצפה יריחו,3576,Mizpe Yeriho
מצפה נטופה,1190,Mizpe Netofa
מצפה רמון,99,Mizpe Ramon
מצפה שלם,3610,Mizpe Shalem
מצר,648,Mezer
מקווה ישראל,22,Miqwe Yisra'el
מרגליות,843,Margaliyyot
מרום גולן,4101,Merom Golan
מרחב עם,1340,Merhav Am
מרחביה (מושב),97,Merhavya(Moshav)
מרחביה (קיבוץ),66,Merhavya(Qibbuz)
מרכז אזורי כדורי,1713,
מרכז אזורי מרום הגליל,1708,
מרכז אזורי משגב,1723,
מרכז אזורי שוהם,1747,
"מרכז כ""ח",1705,
"מרכז מיר""ב*",1715,
מרכז שפירא,1098,Merkaz Shappira
משאבי שדה,421,Mash'abbe Sade
משגב דב,765,Misgav Dov
משגב עם,378,Misgav Am
משהד,520,Meshhed
משואה,3605,Massu'a
משואות יצחק,620,Massu'ot Yizhaq
משכיות,3785,Maskiyyot
משמר איילון,670,Mishmar Ayyalon
משמר דוד,563,Mishmar Dawid
משמר הירדן,732,Mishmar HaYarden
משמר הנגב,395,Mishmar HaNegev
משמר העמק,130,Mishmar HaEmeq
משמר השבעה,729,Mishmar HaShiv'a
משמר השרון,194,Mishmar HaSharon
משמרות,213,Mishmarot
משמרת,425,Mishmeret
משען,791,Mash'en
מתן,1315,Mattan
מתת,1184,Mattat
מתתיהו,3648,Mattityahu
נאות גולן,4551,Ne'ot Golan
נאות הכיכר,1124,Ne'ot HaKikkar
נאות חובב,1770,
נאות מרדכי,408,Ne'ot Mordekhay
נאות סמדר,1197,Ne'ot Smadar
נאעורה,524,Na'ura
נבטים,396,Nevatim
נגבה,315,Negba
נגוהות,3724,Negohot
נהורה,309,Nehora
נהלל,80,Nahalal
נהרייה,9100,Nahariyya
נוב,4304,Nov
נוגה,55,Nogah
נוה צוף,3573,Neve Tsuf
נווה,1366,Nave
נווה אבות,926,Newe Avot
נווה אור,590,Newe Ur
"נווה אטי""ב",4303,Newe Ativ
נווה אילן,405,Newe Ilan
נווה אילן*,1702,
נווה איתן,296,Newe Etan
נווה דניאל,3725,Newe Daniyyel
נווה זוהר,1057,Newe Zohar
נווה זיו,1314,Newe Ziv
נווה חריף,1279,Newe Harif
נווה ים,312,Newe Yam
נווה ימין,686,Newe Yamin
נווה ירק,858,Newe Yaraq
נווה מבטח,827,Newe Mivtah
נווה מיכאל,1071,Newe Mikha'el
נווה שלום,1259,Newe Shalom
נועם,15,No'am
נוף איילון,1333,Nof Ayyalon
נופים,3790,Nofim
נופית,1284,Nofit
נופך,257,Nofekh
נוקדים,3726,Noqedim
נורדייה,447,Nordiyya
נורית,833,Nurit
נחושה,59,Nehusha
"נחל יפתחאל מ""א 3",1883,
נחל עוז,844,Nahal Oz
"נחל תבור מ""א 8",1861,
נחלה,2045,Nahala
נחליאל,3767,Nahali'el
נחלים,449,Nehalim
נחם,809,Naham
נחף,522,Nahef
נחשולים,433,Nahsholim
נחשון,777,Nahshon
נחשונים,705,Nahshonim
נטועה,1147,Netu'a
נטור,4014,Natur
נטע,1369,Neta
נטעים,174,Neta'im
נטף,1254,Nataf
ניין,523,Nein
"ניל""י",3655,Nili
ניצן,351,Nizzan
ניצן ב',1419,Nizzan B
ניצנה (קהילת חינוך),1195,Nizzana (Qehilat Hinuh)
ניצני סיני,1280,Nizzane Sinay
ניצני עוז,851,Nizzane Oz
ניצנים,359,Nizzanim
ניר אליהו,808,Nir Eliyyahu
ניר בנים,553,Nir Banim
ניר גלים,720,Nir Gallim
ניר דוד (תל עמל),256,Nir Dawid (Tel Amal)
"ניר ח""ן",11,Nir Hen
ניר יפה,165,Nir Yafe
ניר יצחק,402,Nir Yizhaq
ניר ישראל,699,Nir Yisra'el
ניר משה,2047,Nir Moshe
ניר עוז,69,Nir Oz
ניר עם,348,Nir Am
ניר עציון,769,Nir Ezyon
ניר עקיבא,2048,Nir Aqiva
ניר צבי,331,Nir Zevi
נירים,602,Nirim
נירית,1236,Nirit
נמל תעופה בן-גוריון,1748,
נמרוד,4035,Nimrod
נס הרים,825,Nes Harim
נס עמים,1143,Nes Ammim
נס ציונה,7200,Nes Ziyyona
נעורים,186,Ne'urim
נעלה,3787,Na'ale
"נעמ""ה",3713,Na'ama
נען,158,Na'an
נערן,3620,Na'aran
נפת בית לחם,1982,
"נפת בית לחם מ""א 76",1981,
נפת ג'נין,1971,
"נפת ג'נין מ""א 72",1970,
נפת חברון,1984,
"נפת חברון מ""א 78",1983,
נפת טול כרם,1975,
"נפת טול כרם מ""א 72",1974,
נפת ירדן,1980,
"נפת ירדן מ""א 74",1978,
"נפת ירדן מ""א 75",1979,
נפת ראמאללה,1977,
"נפת ראמאללה מ""א 73",1976,
נפת שכם,1973,
"נפת שכם מ""א 72",1972,
נצאצרה (שבט),1041,An-Nasasira
נצר חזני,1372,Nezer Hazzani
נצר סרני,435,Nezer Sereni
נצרת,7300,Nazareth
נצרת עילית,1061,Nazerat Illit
נשר,2500,Nesher
נתיב הגדוד,3555,Netiv HaGedud
"נתיב הל""ה",693,Netiv HaLamed-He
נתיב העשרה,1242,Netiv HaAsara
נתיב השיירה,792,Netiv HaShayyara
נתיבות,246,Netivot
נתניה,7400,Netanya
סאג'ור,525,Sajur
סאסא,578,Sasa
סביון*,587,Savyon
סגולה,2046,Segulla
סואעד (חמרייה)*,942,Sawa'id(Hamriyye)
סואעד (כמאנה) (שבט),989,Sawa'id (Al-Kammana)
סולם,526,Sulam
סוסיה,3756,Suseya
סופה,1238,Sufa
סח'נין,7500,Sakhnin
סייד (שבט),1170,Sayyid
סלמה,1245,Sallama
סלעית,3567,Sal'it
סמר,1156,Samar
סנסנה,3777,Sansana
סעד,419,Sa'ad
סעוה,1360,Sa'Wa
סער,454,Sa'ar
ספיר,1176,Sappir
סתרייה,610,Sitriyya
ע'ג'ר,4501,Ghajar
עבדון,892,Avdon
עברון,376,Evron
עגור,794,Agur
עד הלום,1762,
עדי,1199,Adi
עדנים,2035,Adanim
עוזה,826,Uza
עוזייר,528,Uzeir
עולש,737,Olesh
עומר,666,Omer
עופר,810,Ofer
עוצם,32,Ozem
עוקבי (בנו עוקבה) (שבט),957,Al-'Ukbi
עזוז,328,Ezuz
עזר,1149,Ezer
עזריאל,837,Azri'el
עזריה,711,Azarya
עזריקם,817,Azriqam
עטאוונה (שבט),969,Al-'Atawina
עטרת,3658,Ateret
עידן,1175,Iddan
עידן הנגב,1765,
עיילבון,530,Eilabun
עיינות,156,Ayanot
עילוט,511,Ilut
עין איילה,687,En Ayyala
עין אל-אסד,546,Ein Al-Asad
עין גב,273,En Gev
עין גדי,2042,En Gedi
עין דור,436,En Dor
עין הבשור,1240,En HaBesor
עין הוד,74,En Hod
עין החורש,167,En HaHoresh
עין המפרץ,289,En HaMifraz
"עין הנצי""ב",383,En HaNaziv
עין העמק,367,En HaEmeq
עין השופט,270,En HaShofet
עין השלושה,676,En HaShelosha
עין ורד,157,En Wered
עין זיוון,4503,En Ziwan
עין חוד,1320,Ein Hod
עין חצבה,1053,En Hazeva
עין חרוד (איחוד),89,En Harod (Ihud)
עין חרוד (מאוחד),82,En Harod(Me'uhad)
עין יהב,806,En Yahav
עין יעקב,813,En Ya'aqov
"עין כרם-בי""ס חקלאי",1056,En Karem-B.S.Haqla'i
עין כרמל,426,En Karmel
עין מאהל,532,Ein Mahel
עין נקובא,521,Ein Naqquba
עין עירון,223,En Iron
עין צורים,622,En Zurim
עין קנייא,4502,Ein Qiniyye
עין ראפה,514,Ein Rafa
עין שמר,139,En Shemer
עין שריד,880,En Sarid
עין תמר,1251,En Tamar
עינת,871,Enat
עיר אובות,1187,Ir Ovot
עכו,7600,Akko
עלומים,1146,Alumim
עלי,3765,Eli
עלי זהב,3727,Ale Zahav
עלמה,688,Alma
עלמון,3715,Almon
עמוקה,1212,Amuqqa
עמיחי,3824,Ammihay
עמינדב,779,Amminadav
עמיעד,385,Ammi'ad
עמיעוז,318,Ammi'oz
עמיקם,773,Ammiqam
עמיר,319,Amir
עמנואל,3660,Immanu'el
"עמק בית שאן מ""א 7",1824,
"עמק בית שאן של""ש",1825,
"עמק חולה מ""א 1",1806,
"עמק חולה מ""א 55",1807,
"עמק חולה של""ש",1808,
"עמק חפר מזרח מ""א 16",1875,
"עמק חרוד מ""א 8",1826,
"עמק חרוד של""ש",1827,
"עמק יזרעאל מ""א 13",1834,
"עמק יזרעאל מ""א 8",1832,
"עמק יזרעאל מ""א 9",1833,
עמקה,708,Amqa
ענב,3712,Enav
עספיא,534,Isifya
עפולה,7700,Afula
עפרה,3617,Ofra
עץ אפרים,3778,Ez Efrayim
עצמון שגב,917,Atsmon Segev
עראבה,531,Arrabe
עראמשה*,1246,Aramsha
ערב אל נעים,1335,Arab Al Naim
ערד,2560,Arad
ערוגות,593,Arugot
ערערה,637,Ar'ara
ערערה-בנגב,1192,Ar'ara-BaNegev
עשרת,591,Aseret
עתלית,53,Atlit
עתניאל,3748,Otni'el
פארן,1151,Paran
"פארק הירדן מ""א 6",1961,
פארק תעשיות ספירים,1763,
פדואל,3768,Pedu'el
פדויים,750,Peduyim
פדיה,838,Pedaya
פוריידיס,537,Fureidis
פורייה - כפר עבודה,1104,Poriyya-Kefar Avoda
פורייה - נווה עובד,1105,Poriyya-Newe Oved
פורייה עילית,1313,Poriyya Illit
פורת,767,Porat
פטיש,749,Pattish
פלך,1185,Pelekh
פלמחים,597,Palmahim
פני חבר,3723,Pene Hever
פסגות,3659,Pesagot
פסוטה,535,Fassuta
"פעמי תש""ז",2059,Pa'ame Tashaz
פצאל,3615,Peza'el
פקיעין (בוקייעה),536,Peqi'in (Buqei'a)
פקיעין חדשה,281,Peqi'in Hadasha
פרדס חנה-כרכור,7800,Pardes Hanna-Karkur
פרדסייה,171,Pardesiyya
פרוד,599,Parod
פרזון,2053,Perazon
פרי גן,1231,Peri Gan
פתח תקווה,7900,Petah Tiqwa
פתחיה,839,Petahya
צאלים,413,Ze'elim
צביה,1180,Zviyya
צבעון,1213,Ziv'on
צובה,465,Zova
צוחר,1136,Zohar
צופייה,1111,Zofiyya
צופים,3791,Zufim
צופית,198,Zofit
צופר,1150,Zofar
צוקי ים,1102,Zuqi Yam
צוקים,1262,Zuqim
צור הדסה,1113,Zur Hadassa
צור יצחק,1345,Zur Yizhaq
צור משה,276,Zur Moshe
צור נתן,1148,Zur Natan
צוריאל,774,Zuri'el
צורית,1221,Zurit
ציפורי,613,Zippori
צלפון,796,Zelafon
צנדלה,636,Sandala
צפרייה,594,Zafriyya
צפרירים,1079,Zafririm
צפת,8000,Zefat
צרופה,612,Zerufa
צרעה,567,Zor'a
קבועה (שבט),1234,Kabbu'a
קבוצת יבנה,334,Qevuzat Yavne
קדומים,3557,Qedumim
קדימה-צורן,195,Qadima- Zoran
קדמה,392,Qedma
קדמת צבי,4025,Qidmat Zevi
קדר,3781,Qedar
קדרון,615,Qidron
קדרים,1211,Qaddarim
קודייראת א-צאנע (שבט),964,Kudayrat as-Sani'
קוואעין (שבט),972,Kawa'in
קוממיות,766,Qomemiyyut
קורנית,1179,Qoranit
קטורה,1052,Qetura
קיסריה,1167,Qesaryya
קלחים,414,Qelahim
קליה,3601,Qalya
קלנסווה,638,Qalansawe
קלע,4024,Qela
קציר,1243,Qazir
קצר א-סר,1347,Qasr A-Sir
קצרין,4100,Qazrin
קריית אונו,2620,Qiryat Ono
קריית ארבע,3611,Qiryat Arba
קריית אתא,6800,Qiryat Atta
קריית ביאליק,9500,Qiryat Bialik
קריית גת,2630,Qiryat Gat
קריית חינוך מרחבים*,1768,
קריית טבעון,2300,Qiryat Tiv'on
קריית ים,9600,Qiryat Yam
קריית יערים,1137,Qiryat Ye'arim
קריית יערים (מוסד),2039,Qiryat Ye'arim(Institute)
קריית מוצקין,8200,Qiryat Motzkin
קריית מלאכי,1034,Qiryat Mal'akhi
קריית נטפים,3746,Qiryat Netafim
קריית ענבים,78,Qiryat Anavim
קריית עקרון,469,Qiryat Eqron
קריית שלמה,412,Qiryat Shelomo
קריית שמונה,2800,Qiryat Shemona
קרית חינוך עזתה,1766,
קרית תעופה,1746,
קרני שומרון,3640,Qarne Shomeron
קשת,4006,Qeshet
ראמה,543,Rame
ראס אל-עין,1334,Ras Al-Ein
ראס עלי,990,Ras Ali
ראש העין,2640,Rosh HaAyin
ראש פינה,26,Rosh Pinna
ראש צורים,3602,Rosh Zurim
ראשון לציון,8300,Rishon LeZiyyon
רבבה,3795,Revava
רבדים,564,Revadim
רביבים,354,Revivim
רביד,1225,Ravid
רגבה,390,Regba
רגבים,444,Regavim
רהט,1161,Rahat
רווחה,2051,Rewaha
רוויה,2016,Rewaya
רוח מדבר,1341,Ruah Midbar
רוחמה,362,Ruhama
רומאנה,539,Rummane
רומת הייב,997,Rumat Heib
רועי,3619,Ro'i
רותם,3782,Rotem
רחוב,854,Rehov
רחובות,8400,Rehovot
רחלים,3822,Rehelim
ריחאנייה,540,Reihaniyye
ריחן,3568,Rehan
ריינה,542,Reine
רימונים,3565,Rimmonim
רינתיה,616,Rinnatya
רכסים,922,Rekhasim
רם-און,1069,Ram-On
רמות,4702,Ramot
רמות השבים,206,Ramot HaShavim
רמות מאיר,735,Ramot Me'ir
רמות מנשה,445,Ramot Menashe
רמות נפתלי,372,Ramot Naftali
רמלה,8500,Ramla
רמת גן,8600,Ramat Gan
רמת דוד,135,Ramat Dawid
רמת הכובש,184,Ramat HaKovesh
רמת השופט,335,Ramat HaShofet
רמת השרון,2650,Ramat HaSharon
רמת יוחנן,178,Ramat Yohanan
רמת ישי,122,Ramat Yishay
"רמת כוכב מ""א 7",1828,
"רמת כוכב מ""א 8",1829,
"רמת כוכב מ""א 9",1830,
"רמת כוכב של""ש",1831,
רמת מגשימים,4701,Ramat Magshimim
"רמת מנשה מ""א 13",1837,
"רמת מנשה של""ש",1838,
רמת צבי,339,Ramat Zevi
רמת רזיאל,460,Ramat Razi'el
רמת רחל,127,Ramat Rahel
רנן,789,Rannen
רעים,713,Re'im
רעננה,8700,Ra'annana
רקפת,1228,Raqqefet
רשפון,247,Rishpon
רשפים,437,Reshafim
רתמים,1260,Retamim
שאר ישוב,324,She'ar Yashuv
שבי דרום,1377,Shave Darom
שבי ציון,282,Shave Ziyyon
שבי שומרון,3571,Shave Shomeron
שבלי - אום אל-גנם,913,Shibli-Umm Al-Ghanam
שגב-שלום,1286,Segev-Shalom
שדה אילן,721,Sede Ilan
שדה אליהו,304,Sede Eliyyahu
שדה אליעזר,861,Sede Eli'ezer
שדה בוקר,885,Sede Boqer
שדה דוד,36,Sede Dawid
שדה ורבורג,284,Sede Warburg
שדה יואב,293,Sede Yo'av
שדה יעקב,142,Sede Ya'aqov
שדה יצחק,2008,Sede Yizhaq
שדה משה,18,Sede Moshe
שדה נחום,259,Sede Nahum
שדה נחמיה,329,Sede Nehemya
שדה ניצן,1058,Sede Nizzan
שדה עוזיהו,739,Sede Uzziyyahu
שדה צבי,2049,Sede Zevi
שדות ים,327,Sedot Yam
שדות מיכה,27,Sedot Mikha
שדי אברהם,1223,Sede Avraham
שדי חמד,2015,Sede Hemed
שדי תרומות,2057,Sede Terumot
שדמה,555,Shedema
שדמות דבורה,306,Shadmot Devora
שדמות מחולה,3578,Shadmot Mehola
שדרות,1031,Sederot
שואבה,741,Sho'eva
שובה,761,Shuva
שובל,394,Shoval
שוהם,1304,Shoham
שומרה,614,Shomera
שומרייה,1265,Shomeriyya
שוקדה,415,Shoqeda
שורש,456,Shoresh
שורשים,1235,Shorashim
שושנת העמקים,224,Shoshannat HaAmaqim
שזור,527,Shezor
שחר,7,Shahar
שחרות,1266,Shaharut
שיבולים,865,Shibbolim
שיטים,1267,Shittim
שייח' דנון,658,Sheikh Dannun
שילה,3641,Shilo
שילת,1165,Shilat
שכניה,1160,Shekhanya
שלווה,873,Shalwa
שלווה במדבר,1373,Shalva Bamidbar
שלוחות,439,Sheluhot
שלומי,812,Shelomi
שלומית,1364,Shlomit
שלומציון,1793,
שמיר,366,Shamir
שמעה,3784,Shim'a
שמרת,432,Shamerat
שמשית,1337,Shimshit
שני,1287,Shani
שניר,1132,Senir
שעב,538,Sha'ab
שעל,4009,Sha'al
שעלבים,856,Sha'alvim
שער אפרים,661,Sha'ar Efrayim
שער הגולן,264,Sha'ar HaGolan
שער העמקים,237,Sha'ar HaAmaqim
שער מנשה,921,Sha'ar Menashe
שערי תקווה,3720,Sha'are Tiqwa
שפיים,232,Shefayim
שפיר,692,Shafir
"שפלת יהודה מ""א 26",1803,
"שפלת יהודה של""ש",1804,
שפר,846,Shefer
שפרעם,8800,Shefar'am
שקד,3649,Shaqed
שקף,1233,Sheqef
שרונה,292,Sharona
שריגים (לי-און),1114,Sarigim (Li-On)
שריד,126,Sarid
שרשרת,398,Sharsheret
שתולה,1045,Shetula
שתולים,763,Shetulim
תאשור,2062,Te'ashur
תדהר,2061,Tidhar
תובל,1172,Tuval
תומר,3558,Tomer
תושייה,1083,Tushiyya
תימורים,163,Timmorim
תירוש,10,Tirosh
תל אביב -יפו,5000,Tel Aviv - Yafo
תל חי (מכללה),1707,
תל יוסף,84,Tel Yosef
תל יצחק,287,Tel Yizhaq
תל מונד,154,Tel Mond
תל עדשים,103,Tel Adashim
תל קציר,719,Tel Qazir
תל שבע,1054,Tel Sheva
תל תאומים,1283,Tel Te'omim
תלם,3719,Telem
תלמי אליהו,1051,Talme Eliyyahu
תלמי אלעזר,2003,Talme El'azar
"תלמי ביל""ו",2050,Talme Bilu
תלמי יוסף,1237,Talme Yosef
תלמי יחיאל,727,Talme Yehi'el
תלמי יפה,744,Talme Yafe
תלמים,814,Telamim
תמרת,1244,Timrat
תנובות,2002,Tenuvot
תעוז,752,Ta'oz
תעשיון בינימין*,1744,
תעשיון השרון,1741,
תעשיון חבל יבנה,1750,
תעשיון חצב*,1742,
תעשיון מבצע*,1754,
תעשיון מיתרים,1794,
תעשיון צריפין,1749,
תעשיון ראם*,1755,
"תעשיון שח""ק",1792,
תעשיות גליל תחתון,1714,
תפרח,709,Tifrah
תקומה,665,Tequma
תקוע,3563,Teqoa
תראבין א-צאנע (שבט),970,Tarabin as-Sani'
תרבין א-צאנע (יישוב)*,1346,Tarabin As-Sani
תרום,778,Tarum